{"cameraMode":{"drawMode":0,"name":"Shaded","section":"Shading Mode"},"sceneLighting":true,"audioPlay":false,"sceneViewState":{"m_AlwaysRefresh":false,"showFog":true,"showSkybox":true,"showFlares":true,"showImageEffects":true,"showParticleSystems":true,"showVisualEffectGraphs":true,"m_FxEnabled":true},"in2DMode":false,"pivot":{"x":1.3336858749389649,"y":13.482521057128907,"z":0.9396476745605469},"rotation":{"x":-0.060987044125795367,"y":0.907623291015625,"z":-0.39069488644599917,"w":-0.14148005843162538},"size":10.925588607788086,"orthographic":false}